[
{
  "model": "auth.permission",
  "pk": 1,
  "fields": {
    "name": "Can add log entry",
    "content_type": 1,
    "codename": "add_logentry"
  }
},
{
  "model": "auth.permission",
  "pk": 2,
  "fields": {
    "name": "Can change log entry",
    "content_type": 1,
    "codename": "change_logentry"
  }
},
{
  "model": "auth.permission",
  "pk": 3,
  "fields": {
    "name": "Can delete log entry",
    "content_type": 1,
    "codename": "delete_logentry"
  }
},
{
  "model": "auth.permission",
  "pk": 4,
  "fields": {
    "name": "Can view log entry",
    "content_type": 1,
    "codename": "view_logentry"
  }
},
{
  "model": "auth.permission",
  "pk": 5,
  "fields": {
    "name": "Can add permission",
    "content_type": 2,
    "codename": "add_permission"
  }
},
{
  "model": "auth.permission",
  "pk": 6,
  "fields": {
    "name": "Can change permission",
    "content_type": 2,
    "codename": "change_permission"
  }
},
{
  "model": "auth.permission",
  "pk": 7,
  "fields": {
    "name": "Can delete permission",
    "content_type": 2,
    "codename": "delete_permission"
  }
},
{
  "model": "auth.permission",
  "pk": 8,
  "fields": {
    "name": "Can view permission",
    "content_type": 2,
    "codename": "view_permission"
  }
},
{
  "model": "auth.permission",
  "pk": 9,
  "fields": {
    "name": "Can add group",
    "content_type": 3,
    "codename": "add_group"
  }
},
{
  "model": "auth.permission",
  "pk": 10,
  "fields": {
    "name": "Can change group",
    "content_type": 3,
    "codename": "change_group"
  }
},
{
  "model": "auth.permission",
  "pk": 11,
  "fields": {
    "name": "Can delete group",
    "content_type": 3,
    "codename": "delete_group"
  }
},
{
  "model": "auth.permission",
  "pk": 12,
  "fields": {
    "name": "Can view group",
    "content_type": 3,
    "codename": "view_group"
  }
},
{
  "model": "auth.permission",
  "pk": 13,
  "fields": {
    "name": "Can add user",
    "content_type": 4,
    "codename": "add_user"
  }
},
{
  "model": "auth.permission",
  "pk": 14,
  "fields": {
    "name": "Can change user",
    "content_type": 4,
    "codename": "change_user"
  }
},
{
  "model": "auth.permission",
  "pk": 15,
  "fields": {
    "name": "Can delete user",
    "content_type": 4,
    "codename": "delete_user"
  }
},
{
  "model": "auth.permission",
  "pk": 16,
  "fields": {
    "name": "Can view user",
    "content_type": 4,
    "codename": "view_user"
  }
},
{
  "model": "auth.permission",
  "pk": 17,
  "fields": {
    "name": "Can add content type",
    "content_type": 5,
    "codename": "add_contenttype"
  }
},
{
  "model": "auth.permission",
  "pk": 18,
  "fields": {
    "name": "Can change content type",
    "content_type": 5,
    "codename": "change_contenttype"
  }
},
{
  "model": "auth.permission",
  "pk": 19,
  "fields": {
    "name": "Can delete content type",
    "content_type": 5,
    "codename": "delete_contenttype"
  }
},
{
  "model": "auth.permission",
  "pk": 20,
  "fields": {
    "name": "Can view content type",
    "content_type": 5,
    "codename": "view_contenttype"
  }
},
{
  "model": "auth.permission",
  "pk": 21,
  "fields": {
    "name": "Can add session",
    "content_type": 6,
    "codename": "add_session"
  }
},
{
  "model": "auth.permission",
  "pk": 22,
  "fields": {
    "name": "Can change session",
    "content_type": 6,
    "codename": "change_session"
  }
},
{
  "model": "auth.permission",
  "pk": 23,
  "fields": {
    "name": "Can delete session",
    "content_type": 6,
    "codename": "delete_session"
  }
},
{
  "model": "auth.permission",
  "pk": 24,
  "fields": {
    "name": "Can view session",
    "content_type": 6,
    "codename": "view_session"
  }
},
{
  "model": "auth.permission",
  "pk": 25,
  "fields": {
    "name": "Can add book category",
    "content_type": 7,
    "codename": "add_bookcategory"
  }
},
{
  "model": "auth.permission",
  "pk": 26,
  "fields": {
    "name": "Can change book category",
    "content_type": 7,
    "codename": "change_bookcategory"
  }
},
{
  "model": "auth.permission",
  "pk": 27,
  "fields": {
    "name": "Can delete book category",
    "content_type": 7,
    "codename": "delete_bookcategory"
  }
},
{
  "model": "auth.permission",
  "pk": 28,
  "fields": {
    "name": "Can view book category",
    "content_type": 7,
    "codename": "view_bookcategory"
  }
},
{
  "model": "auth.permission",
  "pk": 29,
  "fields": {
    "name": "Can add book",
    "content_type": 8,
    "codename": "add_book"
  }
},
{
  "model": "auth.permission",
  "pk": 30,
  "fields": {
    "name": "Can change book",
    "content_type": 8,
    "codename": "change_book"
  }
},
{
  "model": "auth.permission",
  "pk": 31,
  "fields": {
    "name": "Can delete book",
    "content_type": 8,
    "codename": "delete_book"
  }
},
{
  "model": "auth.permission",
  "pk": 32,
  "fields": {
    "name": "Can view book",
    "content_type": 8,
    "codename": "view_book"
  }
},
{
  "model": "auth.permission",
  "pk": 33,
  "fields": {
    "name": "Can add borrow record",
    "content_type": 9,
    "codename": "add_borrowrecord"
  }
},
{
  "model": "auth.permission",
  "pk": 34,
  "fields": {
    "name": "Can change borrow record",
    "content_type": 9,
    "codename": "change_borrowrecord"
  }
},
{
  "model": "auth.permission",
  "pk": 35,
  "fields": {
    "name": "Can delete borrow record",
    "content_type": 9,
    "codename": "delete_borrowrecord"
  }
},
{
  "model": "auth.permission",
  "pk": 36,
  "fields": {
    "name": "Can view borrow record",
    "content_type": 9,
    "codename": "view_borrowrecord"
  }
},
{
  "model": "auth.permission",
  "pk": 37,
  "fields": {
    "name": "Can add review",
    "content_type": 10,
    "codename": "add_review"
  }
},
{
  "model": "auth.permission",
  "pk": 38,
  "fields": {
    "name": "Can change review",
    "content_type": 10,
    "codename": "change_review"
  }
},
{
  "model": "auth.permission",
  "pk": 39,
  "fields": {
    "name": "Can delete review",
    "content_type": 10,
    "codename": "delete_review"
  }
},
{
  "model": "auth.permission",
  "pk": 40,
  "fields": {
    "name": "Can view review",
    "content_type": 10,
    "codename": "view_review"
  }
},
{
  "model": "auth.permission",
  "pk": 41,
  "fields": {
    "name": "Can add notification",
    "content_type": 11,
    "codename": "add_notification"
  }
},
{
  "model": "auth.permission",
  "pk": 42,
  "fields": {
    "name": "Can change notification",
    "content_type": 11,
    "codename": "change_notification"
  }
},
{
  "model": "auth.permission",
  "pk": 43,
  "fields": {
    "name": "Can delete notification",
    "content_type": 11,
    "codename": "delete_notification"
  }
},
{
  "model": "auth.permission",
  "pk": 44,
  "fields": {
    "name": "Can view notification",
    "content_type": 11,
    "codename": "view_notification"
  }
},
{
  "model": "auth.permission",
  "pk": 45,
  "fields": {
    "name": "Can add user profile",
    "content_type": 12,
    "codename": "add_userprofile"
  }
},
{
  "model": "auth.permission",
  "pk": 46,
  "fields": {
    "name": "Can change user profile",
    "content_type": 12,
    "codename": "change_userprofile"
  }
},
{
  "model": "auth.permission",
  "pk": 47,
  "fields": {
    "name": "Can delete user profile",
    "content_type": 12,
    "codename": "delete_userprofile"
  }
},
{
  "model": "auth.permission",
  "pk": 48,
  "fields": {
    "name": "Can view user profile",
    "content_type": 12,
    "codename": "view_userprofile"
  }
},
{
  "model": "auth.permission",
  "pk": 49,
  "fields": {
    "name": "Can add Token",
    "content_type": 13,
    "codename": "add_token"
  }
},
{
  "model": "auth.permission",
  "pk": 50,
  "fields": {
    "name": "Can change Token",
    "content_type": 13,
    "codename": "change_token"
  }
},
{
  "model": "auth.permission",
  "pk": 51,
  "fields": {
    "name": "Can delete Token",
    "content_type": 13,
    "codename": "delete_token"
  }
},
{
  "model": "auth.permission",
  "pk": 52,
  "fields": {
    "name": "Can view Token",
    "content_type": 13,
    "codename": "view_token"
  }
},
{
  "model": "auth.permission",
  "pk": 53,
  "fields": {
    "name": "Can add Token",
    "content_type": 14,
    "codename": "add_tokenproxy"
  }
},
{
  "model": "auth.permission",
  "pk": 54,
  "fields": {
    "name": "Can change Token",
    "content_type": 14,
    "codename": "change_tokenproxy"
  }
},
{
  "model": "auth.permission",
  "pk": 55,
  "fields": {
    "name": "Can delete Token",
    "content_type": 14,
    "codename": "delete_tokenproxy"
  }
},
{
  "model": "auth.permission",
  "pk": 56,
  "fields": {
    "name": "Can view Token",
    "content_type": 14,
    "codename": "view_tokenproxy"
  }
},
{
  "model": "auth.user",
  "pk": 1,
  "fields": {
    "password": "pbkdf2_sha256$1000000$3JK82frYxAfqgnYk1wA4xU$pu/lgFvvZDslYrUWEpbprWa8a0b7d3HVNHvd9cZM6O4=",
    "last_login": null,
    "is_superuser": false,
    "username": "Zubair06",
    "first_name": "",
    "last_name": "",
    "email": "",
    "is_staff": false,
    "is_active": true,
    "date_joined": "2025-07-23T13:38:47.326Z",
    "groups": [],
    "user_permissions": []
  }
},
{
  "model": "auth.user",
  "pk": 2,
  "fields": {
    "password": "pbkdf2_sha256$1000000$g6QyGpNEWKL1dqu9D2Rad5$GzzoJdFNv+GZwGUdqgZLurRyoJOEy+LsLW1175Dr34o=",
    "last_login": null,
    "is_superuser": false,
    "username": "admin",
    "first_name": "",
    "last_name": "",
    "email": "",
    "is_staff": false,
    "is_active": true,
    "date_joined": "2025-07-23T16:32:12.396Z",
    "groups": [],
    "user_permissions": []
  }
},
{
  "model": "auth.user",
  "pk": 3,
  "fields": {
    "password": "pbkdf2_sha256$1000000$81rh1u975z6B7ykoJ0cUW9$euq2WxWBLMEKXwA7+sB3zEOLIL9+P8AT2JUMCOogoVo=",
    "last_login": null,
    "is_superuser": false,
    "username": "UsamaAteeq007",
    "first_name": "",
    "last_name": "",
    "email": "",
    "is_staff": false,
    "is_active": true,
    "date_joined": "2025-07-23T16:43:16.214Z",
    "groups": [],
    "user_permissions": []
  }
},
{
  "model": "auth.user",
  "pk": 4,
  "fields": {
    "password": "pbkdf2_sha256$1000000$zPe7gZ1nyuycTscczZP44H$a5VnLe74h8rNjVMNaTm10Q6NiKY0JlnhfVEVBYOHZ9w=",
    "last_login": null,
    "is_superuser": false,
    "username": "asma09",
    "first_name": "",
    "last_name": "",
    "email": "",
    "is_staff": false,
    "is_active": true,
    "date_joined": "2025-07-23T16:43:38.971Z",
    "groups": [],
    "user_permissions": []
  }
},
{
  "model": "auth.user",
  "pk": 5,
  "fields": {
    "password": "pbkdf2_sha256$1000000$gDtdOKJB7k40tGoKYdAjsG$2iQyKRiF+yd52z3lVzzaxp6r7gsFgPzas7r8GtIfHSw=",
    "last_login": null,
    "is_superuser": false,
    "username": "DuaZubair10",
    "first_name": "",
    "last_name": "",
    "email": "",
    "is_staff": false,
    "is_active": true,
    "date_joined": "2025-07-23T16:43:57.838Z",
    "groups": [],
    "user_permissions": []
  }
},
{
  "model": "auth.user",
  "pk": 6,
  "fields": {
    "password": "pbkdf2_sha256$1000000$vjCULDI5OAN5tdozwQ8mhF$EpxFdQwhUI2+QaganFShq931QyzFnuT/7jTUhY3Gfug=",
    "last_login": null,
    "is_superuser": false,
    "username": "Adil007",
    "first_name": "",
    "last_name": "",
    "email": "",
    "is_staff": false,
    "is_active": true,
    "date_joined": "2025-07-23T16:44:23.793Z",
    "groups": [],
    "user_permissions": []
  }
},
{
  "model": "auth.user",
  "pk": 7,
  "fields": {
    "password": "pbkdf2_sha256$1000000$8KUz7FhK9OO0Jvy23bf3tT$7fNxA6lD4ootVO5bmQ6VrvXz4eH/TJlPoU3Y6NzyQSw=",
    "last_login": null,
    "is_superuser": false,
    "username": "Taahaa",
    "first_name": "",
    "last_name": "",
    "email": "",
    "is_staff": false,
    "is_active": true,
    "date_joined": "2025-07-23T16:45:03.126Z",
    "groups": [],
    "user_permissions": []
  }
},
{
  "model": "contenttypes.contenttype",
  "pk": 1,
  "fields": {
    "app_label": "admin",
    "model": "logentry"
  }
},
{
  "model": "contenttypes.contenttype",
  "pk": 2,
  "fields": {
    "app_label": "auth",
    "model": "permission"
  }
},
{
  "model": "contenttypes.contenttype",
  "pk": 3,
  "fields": {
    "app_label": "auth",
    "model": "group"
  }
},
{
  "model": "contenttypes.contenttype",
  "pk": 4,
  "fields": {
    "app_label": "auth",
    "model": "user"
  }
},
{
  "model": "contenttypes.contenttype",
  "pk": 5,
  "fields": {
    "app_label": "contenttypes",
    "model": "contenttype"
  }
},
{
  "model": "contenttypes.contenttype",
  "pk": 6,
  "fields": {
    "app_label": "sessions",
    "model": "session"
  }
},
{
  "model": "contenttypes.contenttype",
  "pk": 7,
  "fields": {
    "app_label": "library_app",
    "model": "bookcategory"
  }
},
{
  "model": "contenttypes.contenttype",
  "pk": 8,
  "fields": {
    "app_label": "library_app",
    "model": "book"
  }
},
{
  "model": "contenttypes.contenttype",
  "pk": 9,
  "fields": {
    "app_label": "library_app",
    "model": "borrowrecord"
  }
},
{
  "model": "contenttypes.contenttype",
  "pk": 10,
  "fields": {
    "app_label": "library_app",
    "model": "review"
  }
},
{
  "model": "contenttypes.contenttype",
  "pk": 11,
  "fields": {
    "app_label": "library_app",
    "model": "notification"
  }
},
{
  "model": "contenttypes.contenttype",
  "pk": 12,
  "fields": {
    "app_label": "library_app",
    "model": "userprofile"
  }
},
{
  "model": "contenttypes.contenttype",
  "pk": 13,
  "fields": {
    "app_label": "authtoken",
    "model": "token"
  }
},
{
  "model": "contenttypes.contenttype",
  "pk": 14,
  "fields": {
    "app_label": "authtoken",
    "model": "tokenproxy"
  }
},
{
  "model": "library_app.bookcategory",
  "pk": 2,
  "fields": {
    "name": "Self Help"
  }
},
{
  "model": "library_app.bookcategory",
  "pk": 3,
  "fields": {
    "name": "Travel"
  }
},
{
  "model": "library_app.bookcategory",
  "pk": 4,
  "fields": {
    "name": "Science"
  }
},
{
  "model": "library_app.bookcategory",
  "pk": 5,
  "fields": {
    "name": "Technology"
  }
},
{
  "model": "library_app.bookcategory",
  "pk": 6,
  "fields": {
    "name": "Biography"
  }
},
{
  "model": "library_app.bookcategory",
  "pk": 7,
  "fields": {
    "name": "Fiction"
  }
},
{
  "model": "library_app.bookcategory",
  "pk": 9,
  "fields": {
    "name": "Philosophy"
  }
},
{
  "model": "library_app.bookcategory",
  "pk": 10,
  "fields": {
    "name": "Non-Fiction"
  }
},
{
  "model": "library_app.bookcategory",
  "pk": 11,
  "fields": {
    "name": "Religion"
  }
},
{
  "model": "library_app.bookcategory",
  "pk": 12,
  "fields": {
    "name": "Politics"
  }
},
{
  "model": "library_app.bookcategory",
  "pk": 13,
  "fields": {
    "name": "International Relations"
  }
},
{
  "model": "library_app.bookcategory",
  "pk": 14,
  "fields": {
    "name": "Crime"
  }
},
{
  "model": "library_app.bookcategory",
  "pk": 15,
  "fields": {
    "name": "Cookbooks"
  }
},
{
  "model": "library_app.bookcategory",
  "pk": 16,
  "fields": {
    "name": "Art & Photography"
  }
},
{
  "model": "library_app.bookcategory",
  "pk": 17,
  "fields": {
    "name": "Music"
  }
},
{
  "model": "library_app.bookcategory",
  "pk": 18,
  "fields": {
    "name": "Business & Economics"
  }
},
{
  "model": "library_app.bookcategory",
  "pk": 19,
  "fields": {
    "name": "Health & Wellness"
  }
},
{
  "model": "library_app.bookcategory",
  "pk": 20,
  "fields": {
    "name": "Romance"
  }
},
{
  "model": "library_app.book",
  "pk": 1,
  "fields": {
    "title": "The Great Gatsby",
    "author": "F. Scott Fitzgerald",
    "category": 7,
    "total_copies": 10,
    "available_copies": 6,
    "isbn": "7110121804533",
    "cover_image": "book_covers/The_Great_Gatsby_svHyv6d.jpg"
  }
},
{
  "model": "library_app.book",
  "pk": 2,
  "fields": {
    "title": "Atomic Habits",
    "author": "James Clear",
    "category": 2,
    "total_copies": 15,
    "available_copies": 7,
    "isbn": "9189606928013",
    "cover_image": "book_covers/atmoic_HxXdnBl.jpg"
  }
},
{
  "model": "library_app.book",
  "pk": 3,
  "fields": {
    "title": "How To Kill a Mockingbird",
    "author": "Harper Lee",
    "category": 7,
    "total_copies": 22,
    "available_copies": 10,
    "isbn": "4661811861496",
    "cover_image": "book_covers/Mocking_eYa1NEm.jpg"
  }
},
{
  "model": "library_app.book",
  "pk": 4,
  "fields": {
    "title": "The Pragmatic Programmer",
    "author": "Andrew Hunter",
    "category": 5,
    "total_copies": 6,
    "available_copies": 2,
    "isbn": "3643698131573",
    "cover_image": "book_covers/Programmer_SZxz0bB.jpg"
  }
},
{
  "model": "library_app.book",
  "pk": 5,
  "fields": {
    "title": "The 7 Habits of Highly Effective People",
    "author": "Stephen R. Covey",
    "category": 2,
    "total_copies": 25,
    "available_copies": 1,
    "isbn": "1415453129710",
    "cover_image": "book_covers/7_habits_2hBmSIO.jpg"
  }
},
{
  "model": "library_app.book",
  "pk": 6,
  "fields": {
    "title": "Think and Grow Rich",
    "author": "Napoleon Hill",
    "category": 2,
    "total_copies": 5,
    "available_copies": 1,
    "isbn": "8747795225122",
    "cover_image": "book_covers/think_Ua1Zyum.jpg"
  }
},
{
  "model": "library_app.book",
  "pk": 7,
  "fields": {
    "title": "The Power of Now",
    "author": "Eckhart Tolle",
    "category": 2,
    "total_copies": 3,
    "available_copies": 1,
    "isbn": "5470897988101",
    "cover_image": "book_covers/power_pS1b9Hq.jpg"
  }
},
{
  "model": "library_app.book",
  "pk": 8,
  "fields": {
    "title": "Into The Wild",
    "author": "Jon Krakauer",
    "category": 3,
    "total_copies": 30,
    "available_copies": 10,
    "isbn": "8724012741779",
    "cover_image": "book_covers/into_the_wild_book_h8JpkLa.jpg"
  }
},
{
  "model": "library_app.book",
  "pk": 9,
  "fields": {
    "title": "On the Road",
    "author": "Jack Kerouac",
    "category": 3,
    "total_copies": 4,
    "available_copies": 4,
    "isbn": "6123733045003",
    "cover_image": "book_covers/on_the_road_IBBMMHO.jpg"
  }
},
{
  "model": "library_app.book",
  "pk": 10,
  "fields": {
    "title": "The Art of Travel",
    "author": "Alain de Botton",
    "category": 3,
    "total_copies": 12,
    "available_copies": 8,
    "isbn": "6223053636287",
    "cover_image": "book_covers/art_of_travel.jpg"
  }
},
{
  "model": "library_app.book",
  "pk": 11,
  "fields": {
    "title": "A Walk in the Woods",
    "author": "Bill Bryson",
    "category": 3,
    "total_copies": 5,
    "available_copies": 2,
    "isbn": "7464026291461",
    "cover_image": "book_covers/walk_XmhmhwM.jpg"
  }
},
{
  "model": "library_app.book",
  "pk": 12,
  "fields": {
    "title": "Travel Pakistan",
    "author": "Imran Khan",
    "category": 3,
    "total_copies": 15,
    "available_copies": 9,
    "isbn": "2449603580132",
    "cover_image": "book_covers/travel_pHfTMxO.png"
  }
},
{
  "model": "library_app.book",
  "pk": 13,
  "fields": {
    "title": "The Selfish Gene",
    "author": "Richard Dawkins",
    "category": 4,
    "total_copies": 4,
    "available_copies": 1,
    "isbn": "8934916853856",
    "cover_image": "book_covers/selfish_ZRUvOYl.jpg"
  }
},
{
  "model": "library_app.book",
  "pk": 14,
  "fields": {
    "title": "The Gene: An Intimate History",
    "author": "Siddhartha Mukherjee",
    "category": 4,
    "total_copies": 2,
    "available_copies": 2,
    "isbn": "5704547796295",
    "cover_image": "book_covers/gene_BoC7jJp.jpg"
  }
},
{
  "model": "library_app.book",
  "pk": 15,
  "fields": {
    "title": "Cosmos",
    "author": "Carl Sagan",
    "category": 4,
    "total_copies": 10,
    "available_copies": 5,
    "isbn": "3536420701314",
    "cover_image": "book_covers/cosmos_j4HijPF.jpg"
  }
},
{
  "model": "library_app.book",
  "pk": 16,
  "fields": {
    "title": "A Brief History of Time",
    "author": "Stephen Hawking",
    "category": 4,
    "total_copies": 19,
    "available_copies": 12,
    "isbn": "7969535083342",
    "cover_image": "book_covers/time_Otc61Mc.jpg"
  }
},
{
  "model": "library_app.book",
  "pk": 17,
  "fields": {
    "title": "The Innovators",
    "author": "Walter Isaacson",
    "category": 5,
    "total_copies": 4,
    "available_copies": 1,
    "isbn": "9877333518222",
    "cover_image": "book_covers/innovators_AWyjknv.jpg"
  }
},
{
  "model": "library_app.book",
  "pk": 18,
  "fields": {
    "title": "Steve Jobs",
    "author": "Walter Isaacson",
    "category": 5,
    "total_copies": 4,
    "available_copies": 3,
    "isbn": "2213922290554",
    "cover_image": "book_covers/stevejobs_q2BNmpo.jpg"
  }
},
{
  "model": "library_app.book",
  "pk": 19,
  "fields": {
    "title": "Code: The Hidden Language of Computer Hardware and Software",
    "author": "Charles Petzold",
    "category": 5,
    "total_copies": 3,
    "available_copies": 1,
    "isbn": "2547678888294",
    "cover_image": "book_covers/code_7bVWPKz.jpg"
  }
},
{
  "model": "library_app.book",
  "pk": 20,
  "fields": {
    "title": "The Shallows",
    "author": "Nicholas Carr",
    "category": 5,
    "total_copies": 3,
    "available_copies": 1,
    "isbn": "2408709991222",
    "cover_image": "book_covers/shallow_gaWv6IK.png"
  }
},
{
  "model": "library_app.book",
  "pk": 21,
  "fields": {
    "title": "Long Walk to Freedom",
    "author": "Nelson Mandela",
    "category": 6,
    "total_copies": 10,
    "available_copies": 4,
    "isbn": "7853067859135",
    "cover_image": "book_covers/freedom_jLGifS6.jpg"
  }
},
{
  "model": "library_app.book",
  "pk": 22,
  "fields": {
    "title": "Becoming",
    "author": "Michelle Obama",
    "category": 6,
    "total_copies": 5,
    "available_copies": 5,
    "isbn": "8669757955412",
    "cover_image": "book_covers/becoming_MXH5Oz9.jpg"
  }
},
{
  "model": "library_app.book",
  "pk": 23,
  "fields": {
    "title": "The Diary of a Young Girl",
    "author": "Anne Frank",
    "category": 6,
    "total_copies": 12,
    "available_copies": 8,
    "isbn": "7204921676253",
    "cover_image": "book_covers/diary_c9gRvwR.jpg"
  }
},
{
  "model": "library_app.book",
  "pk": 24,
  "fields": {
    "title": "Einstein: His Life and Universe",
    "author": "Walter Isaacson",
    "category": 6,
    "total_copies": 24,
    "available_copies": 12,
    "isbn": "8006091617424",
    "cover_image": "book_covers/einstein_rZckLq5.jpg"
  }
},
{
  "model": "library_app.book",
  "pk": 25,
  "fields": {
    "title": "Pride and Prejudice",
    "author": "Jane Austen",
    "category": 7,
    "total_copies": 35,
    "available_copies": 20,
    "isbn": "7676664180042",
    "cover_image": "book_covers/pride_cpSVmXG.jpg"
  }
},
{
  "model": "library_app.book",
  "pk": 26,
  "fields": {
    "title": "The Catcher in the Rye",
    "author": "J.D. Salinger",
    "category": 7,
    "total_copies": 7,
    "available_copies": 5,
    "isbn": "5661779673313",
    "cover_image": "book_covers/catcher_JBLUg3Q.jpg"
  }
},
{
  "model": "library_app.book",
  "pk": 27,
  "fields": {
    "title": "Meditations",
    "author": "Marcus Aurelius",
    "category": 9,
    "total_copies": 8,
    "available_copies": 6,
    "isbn": "7028033854251",
    "cover_image": "book_covers/meditation_oxnKP7P.jpg"
  }
},
{
  "model": "library_app.book",
  "pk": 28,
  "fields": {
    "title": "The Republic",
    "author": "Plato",
    "category": 9,
    "total_copies": 10,
    "available_copies": 8,
    "isbn": "1951332467780",
    "cover_image": "book_covers/republic_cyRVFMz.jpg"
  }
},
{
  "model": "library_app.book",
  "pk": 29,
  "fields": {
    "title": "Beyond Good and Evil",
    "author": "Friedrich Nietzsche",
    "category": 9,
    "total_copies": 6,
    "available_copies": 4,
    "isbn": "1229223273433",
    "cover_image": "book_covers/good_yxni6zZ.jpg"
  }
},
{
  "model": "library_app.book",
  "pk": 30,
  "fields": {
    "title": "The Tao of Pooh",
    "author": "Benjamin Hoff",
    "category": 9,
    "total_copies": 12,
    "available_copies": 10,
    "isbn": "8481588988653",
    "cover_image": "book_covers/pooh_eWyrBe7.jpg"
  }
},
{
  "model": "library_app.book",
  "pk": 31,
  "fields": {
    "title": "Man's Search for Meaning",
    "author": "Viktor E. Frankl",
    "category": 9,
    "total_copies": 15,
    "available_copies": 12,
    "isbn": "8310378014956",
    "cover_image": "book_covers/search_Fa3CC6b.jpg"
  }
},
{
  "model": "library_app.book",
  "pk": 32,
  "fields": {
    "title": "Sapiens: A Brief History of Humankind",
    "author": "Yuval Noah Harari",
    "category": 10,
    "total_copies": 20,
    "available_copies": 15,
    "isbn": "8122674109557",
    "cover_image": "book_covers/sapiens_J9WPyBe.jpg"
  }
},
{
  "model": "library_app.book",
  "pk": 33,
  "fields": {
    "title": "Educated",
    "author": "Tara Westover",
    "category": 10,
    "total_copies": 14,
    "available_copies": 11,
    "isbn": "2826845062840",
    "cover_image": ""
  }
},
{
  "model": "library_app.book",
  "pk": 34,
  "fields": {
    "title": "Outliers",
    "author": "Malcolm Gladwell",
    "category": 10,
    "total_copies": 16,
    "available_copies": 13,
    "isbn": "2831974221844",
    "cover_image": ""
  }
},
{
  "model": "library_app.book",
  "pk": 35,
  "fields": {
    "title": "Freakonomics",
    "author": "Steven D. Levitt & Stephen J. Dubner",
    "category": 10,
    "total_copies": 12,
    "available_copies": 9,
    "isbn": "8468019600945",
    "cover_image": ""
  }
},
{
  "model": "library_app.book",
  "pk": 36,
  "fields": {
    "title": "Quiet: The Power of Introverts",
    "author": "Susan Cain",
    "category": 10,
    "total_copies": 10,
    "available_copies": 7,
    "isbn": "6115118803878",
    "cover_image": ""
  }
},
{
  "model": "library_app.book",
  "pk": 37,
  "fields": {
    "title": "The Quran",
    "author": "Translations by various scholars",
    "category": 11,
    "total_copies": 25,
    "available_copies": 20,
    "isbn": "5944732660031",
    "cover_image": ""
  }
},
{
  "model": "library_app.book",
  "pk": 38,
  "fields": {
    "title": "The Bible",
    "author": "Various Authors",
    "category": 11,
    "total_copies": 30,
    "available_copies": 25,
    "isbn": "1439204477707",
    "cover_image": ""
  }
},
{
  "model": "library_app.book",
  "pk": 39,
  "fields": {
    "title": "The Bhagavad Gita",
    "author": "Eknath Easwaran (translator)",
    "category": 11,
    "total_copies": 8,
    "available_copies": 6,
    "isbn": "2852071652469",
    "cover_image": ""
  }
},
{
  "model": "library_app.book",
  "pk": 40,
  "fields": {
    "title": "The Case for Christ",
    "author": "Lee Strobel",
    "category": 11,
    "total_copies": 12,
    "available_copies": 10,
    "isbn": "1306948056265",
    "cover_image": ""
  }
},
{
  "model": "library_app.book",
  "pk": 41,
  "fields": {
    "title": "Mere Christianity",
    "author": "C.S. Lewis",
    "category": 11,
    "total_copies": 14,
    "available_copies": 11,
    "isbn": "9766998406808",
    "cover_image": ""
  }
},
{
  "model": "library_app.book",
  "pk": 42,
  "fields": {
    "title": "The Prince",
    "author": "Niccolò Machiavelli",
    "category": 12,
    "total_copies": 9,
    "available_copies": 7,
    "isbn": "4263526345654",
    "cover_image": ""
  }
},
{
  "model": "library_app.book",
  "pk": 43,
  "fields": {
    "title": "The Audacity of Hope",
    "author": "Barack Obama",
    "category": 12,
    "total_copies": 13,
    "available_copies": 10,
    "isbn": "8723203908990",
    "cover_image": ""
  }
},
{
  "model": "library_app.book",
  "pk": 44,
  "fields": {
    "title": "The Communist Manifesto",
    "author": "Karl Marx & Friedrich Engels",
    "category": 12,
    "total_copies": 11,
    "available_copies": 8,
    "isbn": "7385153512191",
    "cover_image": ""
  }
},
{
  "model": "library_app.book",
  "pk": 45,
  "fields": {
    "title": "The Road to Serfdom",
    "author": "Friedrich Hayek",
    "category": 12,
    "total_copies": 7,
    "available_copies": 5,
    "isbn": "6697405680468",
    "cover_image": ""
  }
},
{
  "model": "library_app.book",
  "pk": 46,
  "fields": {
    "title": "What You Should Know About Politics . . . But Don't",
    "author": "Jessamyn Conrad",
    "category": 12,
    "total_copies": 8,
    "available_copies": 6,
    "isbn": "9583094472196",
    "cover_image": ""
  }
},
{
  "model": "library_app.book",
  "pk": 47,
  "fields": {
    "title": "The Post-Cold War World",
    "author": "Michael Cox",
    "category": 13,
    "total_copies": 6,
    "available_copies": 4,
    "isbn": "6567067393285",
    "cover_image": ""
  }
},
{
  "model": "library_app.book",
  "pk": 48,
  "fields": {
    "title": "Diplomacy",
    "author": "Henry Kissinger",
    "category": 13,
    "total_copies": 8,
    "available_copies": 6,
    "isbn": "5648284961390",
    "cover_image": ""
  }
},
{
  "model": "library_app.book",
  "pk": 49,
  "fields": {
    "title": "The Tragedy of Great Power Politics",
    "author": "John J. Mearsheimer",
    "category": 13,
    "total_copies": 5,
    "available_copies": 3,
    "isbn": "2772194760811",
    "cover_image": ""
  }
},
{
  "model": "library_app.book",
  "pk": 50,
  "fields": {
    "title": "World Order",
    "author": "Henry Kissinger",
    "category": 13,
    "total_copies": 7,
    "available_copies": 5,
    "isbn": "5775194872550",
    "cover_image": ""
  }
},
{
  "model": "library_app.book",
  "pk": 51,
  "fields": {
    "title": "The Global Cold War",
    "author": "Odd Arne Westad",
    "category": 13,
    "total_copies": 4,
    "available_copies": 3,
    "isbn": "1531575874204",
    "cover_image": ""
  }
},
{
  "model": "library_app.book",
  "pk": 52,
  "fields": {
    "title": "In Cold Blood",
    "author": "Truman Capote",
    "category": 14,
    "total_copies": 12,
    "available_copies": 9,
    "isbn": "6713734334895",
    "cover_image": ""
  }
},
{
  "model": "library_app.book",
  "pk": 53,
  "fields": {
    "title": "I'll Be Gone in the Dark",
    "author": "Michelle McNamara",
    "category": 14,
    "total_copies": 10,
    "available_copies": 7,
    "isbn": "1946855381554",
    "cover_image": ""
  }
},
{
  "model": "library_app.book",
  "pk": 54,
  "fields": {
    "title": "The Stranger Beside Me",
    "author": "Ann Rule",
    "category": 14,
    "total_copies": 8,
    "available_copies": 6,
    "isbn": "7471490170166",
    "cover_image": ""
  }
},
{
  "model": "library_app.book",
  "pk": 55,
  "fields": {
    "title": "Mindhunter",
    "author": "John E. Douglas & Mark Olshaker",
    "category": 14,
    "total_copies": 14,
    "available_copies": 11,
    "isbn": "6322958219065",
    "cover_image": ""
  }
},
{
  "model": "library_app.book",
  "pk": 56,
  "fields": {
    "title": "Helter Skelter",
    "author": "Vincent Bugliosi",
    "category": 14,
    "total_copies": 9,
    "available_copies": 7,
    "isbn": "4128365349265",
    "cover_image": ""
  }
},
{
  "model": "library_app.book",
  "pk": 57,
  "fields": {
    "title": "Salt, Fat, Acid, Heat",
    "author": "Samin Nosrat",
    "category": 15,
    "total_copies": 18,
    "available_copies": 15,
    "isbn": "2585016544860",
    "cover_image": ""
  }
},
{
  "model": "library_app.book",
  "pk": 58,
  "fields": {
    "title": "The Joy of Cooking",
    "author": "Irma S. Rombauer",
    "category": 15,
    "total_copies": 22,
    "available_copies": 18,
    "isbn": "7194366358367",
    "cover_image": ""
  }
},
{
  "model": "library_app.book",
  "pk": 59,
  "fields": {
    "title": "Mastering the Art of French Cooking",
    "author": "Julia Child",
    "category": 15,
    "total_copies": 16,
    "available_copies": 13,
    "isbn": "8808508666678",
    "cover_image": ""
  }
},
{
  "model": "library_app.book",
  "pk": 60,
  "fields": {
    "title": "The Food Lab",
    "author": "J. Kenji López-Alt",
    "category": 15,
    "total_copies": 12,
    "available_copies": 10,
    "isbn": "4348519955756",
    "cover_image": ""
  }
},
{
  "model": "library_app.book",
  "pk": 61,
  "fields": {
    "title": "Plenty",
    "author": "Yotam Ottolenghi",
    "category": 15,
    "total_copies": 14,
    "available_copies": 11,
    "isbn": "3054139581737",
    "cover_image": ""
  }
},
{
  "model": "library_app.book",
  "pk": 62,
  "fields": {
    "title": "Ways of Seeing",
    "author": "John Berger",
    "category": 16,
    "total_copies": 7,
    "available_copies": 5,
    "isbn": "8715467764452",
    "cover_image": ""
  }
},
{
  "model": "library_app.book",
  "pk": 63,
  "fields": {
    "title": "The Story of Art",
    "author": "E.H. Gombrich",
    "category": 16,
    "total_copies": 15,
    "available_copies": 12,
    "isbn": "7107179472689",
    "cover_image": ""
  }
},
{
  "model": "library_app.book",
  "pk": 64,
  "fields": {
    "title": "Humans of New York",
    "author": "Brandon Stanton",
    "category": 16,
    "total_copies": 20,
    "available_copies": 16,
    "isbn": "3274152339942",
    "cover_image": ""
  }
},
{
  "model": "library_app.book",
  "pk": 65,
  "fields": {
    "title": "On Photography",
    "author": "Susan Sontag",
    "category": 16,
    "total_copies": 8,
    "available_copies": 6,
    "isbn": "9707480055910",
    "cover_image": ""
  }
},
{
  "model": "library_app.book",
  "pk": 66,
  "fields": {
    "title": "Annie Leibovitz: Portraits",
    "author": "Annie Leibovitz",
    "category": 16,
    "total_copies": 10,
    "available_copies": 8,
    "isbn": "8389636742416",
    "cover_image": ""
  }
},
{
  "model": "library_app.book",
  "pk": 67,
  "fields": {
    "title": "Life",
    "author": "Keith Richards",
    "category": 17,
    "total_copies": 11,
    "available_copies": 8,
    "isbn": "7759810141622",
    "cover_image": ""
  }
},
{
  "model": "library_app.book",
  "pk": 68,
  "fields": {
    "title": "This Is Your Brain on Music",
    "author": "Daniel J. Levitin",
    "category": 17,
    "total_copies": 9,
    "available_copies": 7,
    "isbn": "2043080376856",
    "cover_image": ""
  }
},
{
  "model": "library_app.book",
  "pk": 69,
  "fields": {
    "title": "Just Kids",
    "author": "Patti Smith",
    "category": 17,
    "total_copies": 13,
    "available_copies": 10,
    "isbn": "6927796075574",
    "cover_image": ""
  }
},
{
  "model": "library_app.book",
  "pk": 70,
  "fields": {
    "title": "Chronicles: Volume One",
    "author": "Bob Dylan",
    "category": 17,
    "total_copies": 12,
    "available_copies": 9,
    "isbn": "7341694999856",
    "cover_image": ""
  }
},
{
  "model": "library_app.book",
  "pk": 71,
  "fields": {
    "title": "How Music Works",
    "author": "David Byrne",
    "category": 17,
    "total_copies": 8,
    "available_copies": 6,
    "isbn": "2319044509878",
    "cover_image": ""
  }
},
{
  "model": "library_app.book",
  "pk": 72,
  "fields": {
    "title": "Rich Dad Poor Dad",
    "author": "Robert Kiyosaki",
    "category": 18,
    "total_copies": 25,
    "available_copies": 20,
    "isbn": "9252920321086",
    "cover_image": ""
  }
},
{
  "model": "library_app.book",
  "pk": 73,
  "fields": {
    "title": "The Lean Startup",
    "author": "Eric Ries",
    "category": 18,
    "total_copies": 18,
    "available_copies": 15,
    "isbn": "9160718368830",
    "cover_image": ""
  }
},
{
  "model": "library_app.book",
  "pk": 74,
  "fields": {
    "title": "Thinking, Fast and Slow",
    "author": "Daniel Kahneman",
    "category": 18,
    "total_copies": 16,
    "available_copies": 13,
    "isbn": "1897092304998",
    "cover_image": ""
  }
},
{
  "model": "library_app.book",
  "pk": 75,
  "fields": {
    "title": "The Intelligent Investor",
    "author": "Benjamin Graham",
    "category": 18,
    "total_copies": 14,
    "available_copies": 11,
    "isbn": "6585093394123",
    "cover_image": ""
  }
},
{
  "model": "library_app.book",
  "pk": 76,
  "fields": {
    "title": "Zero to One",
    "author": "Peter Thiel",
    "category": 18,
    "total_copies": 12,
    "available_copies": 9,
    "isbn": "6445890584591",
    "cover_image": ""
  }
},
{
  "model": "library_app.book",
  "pk": 77,
  "fields": {
    "title": "Why We Sleep",
    "author": "Matthew Walker",
    "category": 19,
    "total_copies": 20,
    "available_copies": 17,
    "isbn": "1312585551794",
    "cover_image": ""
  }
},
{
  "model": "library_app.book",
  "pk": 78,
  "fields": {
    "title": "The Body Keeps the Score",
    "author": "Bessel van der Kolk",
    "category": 19,
    "total_copies": 18,
    "available_copies": 15,
    "isbn": "5825874299279",
    "cover_image": ""
  }
},
{
  "model": "library_app.book",
  "pk": 79,
  "fields": {
    "title": "How Not to Die",
    "author": "Michael Greger",
    "category": 19,
    "total_copies": 15,
    "available_copies": 12,
    "isbn": "4736000086469",
    "cover_image": ""
  }
},
{
  "model": "library_app.book",
  "pk": 80,
  "fields": {
    "title": "Lifespan",
    "author": "David A. Sinclair",
    "category": 19,
    "total_copies": 10,
    "available_copies": 8,
    "isbn": "9150405162176",
    "cover_image": ""
  }
},
{
  "model": "library_app.book",
  "pk": 81,
  "fields": {
    "title": "Breath: The New Science of a Lost Art",
    "author": "James Nestor",
    "category": 19,
    "total_copies": 12,
    "available_copies": 10,
    "isbn": "2717518225583",
    "cover_image": ""
  }
},
{
  "model": "library_app.book",
  "pk": 82,
  "fields": {
    "title": "Mile High",
    "author": "Liz Tomforde",
    "category": 20,
    "total_copies": 25,
    "available_copies": 20,
    "isbn": "978-144575788",
    "cover_image": "book_covers/mile_1pWHz4J.jpg"
  }
},
{
  "model": "library_app.book",
  "pk": 83,
  "fields": {
    "title": "The Right Move",
    "author": "Liz Tomforde",
    "category": 20,
    "total_copies": 14,
    "available_copies": 9,
    "isbn": "978-896835365",
    "cover_image": "book_covers/right_8SnX8vY.jpg"
  }
},
{
  "model": "library_app.book",
  "pk": 84,
  "fields": {
    "title": "Caught Up",
    "author": "Liz Tomforde",
    "category": 20,
    "total_copies": 8,
    "available_copies": 3,
    "isbn": "978-211429801",
    "cover_image": "book_covers/caught_2tHbZTJ.jpg"
  }
},
{
  "model": "library_app.book",
  "pk": 85,
  "fields": {
    "title": "Play Along",
    "author": "Liz Tomforde",
    "category": 20,
    "total_copies": 25,
    "available_copies": 20,
    "isbn": "978-376616838",
    "cover_image": "book_covers/play_9bUjEoF.jpg"
  }
},
{
  "model": "library_app.book",
  "pk": 86,
  "fields": {
    "title": "The Predator",
    "author": "RuNyx",
    "category": 20,
    "total_copies": 9,
    "available_copies": 3,
    "isbn": "978-878108060",
    "cover_image": "book_covers/predator_QSoq9Xq.jpg"
  }
},
{
  "model": "library_app.book",
  "pk": 87,
  "fields": {
    "title": "The Reaper",
    "author": "RuNyx",
    "category": 20,
    "total_copies": 8,
    "available_copies": 5,
    "isbn": "978-926104152",
    "cover_image": "book_covers/reaper_YHMCsPd.jpg"
  }
},
{
  "model": "library_app.book",
  "pk": 88,
  "fields": {
    "title": "The Annhiliator",
    "author": "RuNyx",
    "category": 20,
    "total_copies": 24,
    "available_copies": 1,
    "isbn": "978-976257166",
    "cover_image": "book_covers/annhiliator_NC500RD.jpg"
  }
},
{
  "model": "library_app.book",
  "pk": 89,
  "fields": {
    "title": "The Emperor",
    "author": "RuNyx",
    "category": 20,
    "total_copies": 19,
    "available_copies": 7,
    "isbn": "978-201732070",
    "cover_image": "book_covers/emperor_wu7srpx.jpg"
  }
},
{
  "model": "library_app.book",
  "pk": 90,
  "fields": {
    "title": "The Syndicater",
    "author": "RuNyx",
    "category": 20,
    "total_copies": 15,
    "available_copies": 2,
    "isbn": "978-954261267",
    "cover_image": "book_covers/syndicator_OarRKRc.jpg"
  }
},
{
  "model": "library_app.book",
  "pk": 91,
  "fields": {
    "title": "The Finisher",
    "author": "RuNyx",
    "category": 20,
    "total_copies": 22,
    "available_copies": 12,
    "isbn": "978-330181053",
    "cover_image": "book_covers/finisher_mOhCVHP.jpg"
  }
},
{
  "model": "library_app.book",
  "pk": 92,
  "fields": {
    "title": "Twisted Love",
    "author": "Ana Huang",
    "category": 20,
    "total_copies": 18,
    "available_copies": 3,
    "isbn": "978-102649172",
    "cover_image": "book_covers/love_oP2qRtH.jpg"
  }
},
{
  "model": "library_app.book",
  "pk": 93,
  "fields": {
    "title": "Twisted Games",
    "author": "Ana Huang",
    "category": 20,
    "total_copies": 12,
    "available_copies": 10,
    "isbn": "978-524566031",
    "cover_image": "book_covers/games_SEikBzz.jpg"
  }
},
{
  "model": "library_app.book",
  "pk": 94,
  "fields": {
    "title": "Twisted Hate",
    "author": "Ana Huang",
    "category": 20,
    "total_copies": 12,
    "available_copies": 1,
    "isbn": "978-612531995",
    "cover_image": "book_covers/hate_AtfzvVV.jpg"
  }
},
{
  "model": "library_app.book",
  "pk": 95,
  "fields": {
    "title": "Twisted Lies",
    "author": "Ana Huang",
    "category": 20,
    "total_copies": 9,
    "available_copies": 1,
    "isbn": "978-134788004",
    "cover_image": "book_covers/lies_WNsRvVH.jpg"
  }
},
{
  "model": "library_app.userprofile",
  "pk": 1,
  "fields": {
    "user": 1,
    "full_name": "Muhammad Zubair",
    "address": "Hassan Parwana, Multan",
    "phone": "03336194455"
  }
},
{
  "model": "library_app.userprofile",
  "pk": 2,
  "fields": {
    "user": 2,
    "full_name": "Admin User",
    "address": "Systems Limited",
    "phone": "03001122334"
  }
},
{
  "model": "library_app.userprofile",
  "pk": 3,
  "fields": {
    "user": 3,
    "full_name": "Usama Ateeq",
    "address": "Faisal Town, Lahore.",
    "phone": "03249875012"
  }
},
{
  "model": "library_app.userprofile",
  "pk": 4,
  "fields": {
    "user": 4,
    "full_name": "Asma Sikandar",
    "address": "Eden Value Homes",
    "phone": "03146113644"
  }
},
{
  "model": "library_app.userprofile",
  "pk": 5,
  "fields": {
    "user": 5,
    "full_name": "Dua Zubair",
    "address": "Eden Value Homes",
    "phone": "03336194458"
  }
},
{
  "model": "library_app.userprofile",
  "pk": 6,
  "fields": {
    "user": 6,
    "full_name": "Adil Sikander",
    "address": "Oversea B, Bahria Town Lahore.",
    "phone": "03162704561"
  }
},
{
  "model": "library_app.userprofile",
  "pk": 7,
  "fields": {
    "user": 7,
    "full_name": "Muhammad Taahaa",
    "address": "Block C Street 10 House 50 Eden Value Homes",
    "phone": "03204884375"
  }
},
{
  "model": "library_app.borrowrecord",
  "pk": 1,
  "fields": {
    "user": 7,
    "book": 1,
    "borrow_date": "2025-07-23T17:42:39.895Z",
    "return_date": null,
    "is_returned": false,
    "due_date": "2025-08-04T17:42:39.895Z",
    "fine": "0.00"
  }
},
{
  "model": "library_app.borrowrecord",
  "pk": 2,
  "fields": {
    "user": 7,
    "book": 2,
    "borrow_date": "2025-07-23T17:42:41.618Z",
    "return_date": null,
    "is_returned": false,
    "due_date": "2025-08-04T17:42:41.618Z",
    "fine": "0.00"
  }
},
{
  "model": "library_app.borrowrecord",
  "pk": 3,
  "fields": {
    "user": 7,
    "book": 3,
    "borrow_date": "2025-07-23T17:42:44.661Z",
    "return_date": null,
    "is_returned": false,
    "due_date": "2025-08-04T17:42:44.661Z",
    "fine": "0.00"
  }
},
{
  "model": "library_app.borrowrecord",
  "pk": 4,
  "fields": {
    "user": 7,
    "book": 4,
    "borrow_date": "2025-07-23T17:42:46.695Z",
    "return_date": "2025-07-23T17:48:54.518Z",
    "is_returned": true,
    "due_date": "2025-08-04T17:42:46.695Z",
    "fine": "0.00"
  }
},
{
  "model": "library_app.borrowrecord",
  "pk": 5,
  "fields": {
    "user": 7,
    "book": 4,
    "borrow_date": "2025-07-23T17:48:57.708Z",
    "return_date": "2025-07-23T17:49:42.469Z",
    "is_returned": true,
    "due_date": "2025-08-04T17:48:57.708Z",
    "fine": "0.00"
  }
},
{
  "model": "library_app.borrowrecord",
  "pk": 6,
  "fields": {
    "user": 7,
    "book": 4,
    "borrow_date": "2025-07-23T17:49:45.245Z",
    "return_date": null,
    "is_returned": false,
    "due_date": "2025-08-04T17:49:45.245Z",
    "fine": "0.00"
  }
},
{
  "model": "library_app.borrowrecord",
  "pk": 7,
  "fields": {
    "user": 3,
    "book": 3,
    "borrow_date": "2025-07-23T18:13:31.090Z",
    "return_date": "2025-07-23T18:16:27.166Z",
    "is_returned": true,
    "due_date": "2025-08-04T18:13:31.090Z",
    "fine": "0.00"
  }
},
{
  "model": "library_app.borrowrecord",
  "pk": 8,
  "fields": {
    "user": 3,
    "book": 4,
    "borrow_date": "2025-07-23T18:13:33.806Z",
    "return_date": "2025-07-23T18:16:25.998Z",
    "is_returned": true,
    "due_date": "2025-08-04T18:13:33.806Z",
    "fine": "0.00"
  }
},
{
  "model": "library_app.borrowrecord",
  "pk": 9,
  "fields": {
    "user": 3,
    "book": 2,
    "borrow_date": "2025-07-23T18:13:46.696Z",
    "return_date": "2025-07-23T18:16:24.750Z",
    "is_returned": true,
    "due_date": "2025-08-04T18:13:46.696Z",
    "fine": "0.00"
  }
},
{
  "model": "library_app.borrowrecord",
  "pk": 10,
  "fields": {
    "user": 3,
    "book": 1,
    "borrow_date": "2025-07-23T18:13:48.654Z",
    "return_date": "2025-07-23T18:16:22.712Z",
    "is_returned": true,
    "due_date": "2025-08-04T18:13:48.654Z",
    "fine": "0.00"
  }
},
{
  "model": "library_app.borrowrecord",
  "pk": 11,
  "fields": {
    "user": 3,
    "book": 3,
    "borrow_date": "2025-07-23T18:16:38.339Z",
    "return_date": "2025-07-23T18:56:09.511Z",
    "is_returned": true,
    "due_date": "2025-08-04T18:16:38.339Z",
    "fine": "0.00"
  }
},
{
  "model": "library_app.borrowrecord",
  "pk": 12,
  "fields": {
    "user": 3,
    "book": 2,
    "borrow_date": "2025-07-23T18:16:39.890Z",
    "return_date": "2025-07-23T18:56:10.992Z",
    "is_returned": true,
    "due_date": "2025-08-04T18:16:39.890Z",
    "fine": "0.00"
  }
},
{
  "model": "library_app.borrowrecord",
  "pk": 13,
  "fields": {
    "user": 3,
    "book": 1,
    "borrow_date": "2025-07-23T18:16:40.941Z",
    "return_date": "2025-07-23T18:56:12.428Z",
    "is_returned": true,
    "due_date": "2025-08-04T18:16:40.941Z",
    "fine": "0.00"
  }
},
{
  "model": "library_app.borrowrecord",
  "pk": 14,
  "fields": {
    "user": 5,
    "book": 1,
    "borrow_date": "2025-07-23T18:30:04.367Z",
    "return_date": "2025-07-23T18:30:21.405Z",
    "is_returned": true,
    "due_date": "2025-08-04T18:30:04.367Z",
    "fine": "0.00"
  }
},
{
  "model": "library_app.borrowrecord",
  "pk": 15,
  "fields": {
    "user": 5,
    "book": 2,
    "borrow_date": "2025-07-23T18:30:05.636Z",
    "return_date": "2025-07-23T18:30:20.105Z",
    "is_returned": true,
    "due_date": "2025-08-04T18:30:05.636Z",
    "fine": "0.00"
  }
},
{
  "model": "library_app.borrowrecord",
  "pk": 16,
  "fields": {
    "user": 5,
    "book": 3,
    "borrow_date": "2025-07-23T18:30:06.936Z",
    "return_date": "2025-07-23T18:30:18.676Z",
    "is_returned": true,
    "due_date": "2025-08-04T18:30:06.936Z",
    "fine": "0.00"
  }
},
{
  "model": "library_app.borrowrecord",
  "pk": 17,
  "fields": {
    "user": 5,
    "book": 3,
    "borrow_date": "2025-07-24T05:05:35.549Z",
    "return_date": "2025-07-24T05:17:20.497Z",
    "is_returned": true,
    "due_date": "2025-08-05T05:05:35.549Z",
    "fine": "0.00"
  }
},
{
  "model": "library_app.borrowrecord",
  "pk": 18,
  "fields": {
    "user": 5,
    "book": 1,
    "borrow_date": "2025-07-24T05:08:27.993Z",
    "return_date": "2025-07-24T05:17:18.081Z",
    "is_returned": true,
    "due_date": "2025-08-05T05:08:27.993Z",
    "fine": "0.00"
  }
},
{
  "model": "library_app.borrowrecord",
  "pk": 19,
  "fields": {
    "user": 5,
    "book": 2,
    "borrow_date": "2025-07-24T05:08:35.202Z",
    "return_date": "2025-07-24T05:17:15.804Z",
    "is_returned": true,
    "due_date": "2025-08-05T05:08:35.202Z",
    "fine": "0.00"
  }
},
{
  "model": "library_app.borrowrecord",
  "pk": 20,
  "fields": {
    "user": 5,
    "book": 1,
    "borrow_date": "2025-07-24T05:17:25.908Z",
    "return_date": "2025-07-24T06:28:21.092Z",
    "is_returned": true,
    "due_date": "2025-08-05T05:17:25.908Z",
    "fine": "0.00"
  }
},
{
  "model": "library_app.borrowrecord",
  "pk": 21,
  "fields": {
    "user": 5,
    "book": 1,
    "borrow_date": "2025-07-24T06:28:23.530Z",
    "return_date": "2025-07-24T06:41:02.202Z",
    "is_returned": true,
    "due_date": "2025-08-05T06:28:23.530Z",
    "fine": "0.00"
  }
},
{
  "model": "library_app.borrowrecord",
  "pk": 22,
  "fields": {
    "user": 5,
    "book": 3,
    "borrow_date": "2025-07-24T06:40:20.432Z",
    "return_date": "2025-07-24T06:41:00.888Z",
    "is_returned": true,
    "due_date": "2025-08-05T06:40:20.432Z",
    "fine": "0.00"
  }
},
{
  "model": "library_app.borrowrecord",
  "pk": 23,
  "fields": {
    "user": 5,
    "book": 2,
    "borrow_date": "2025-07-24T06:51:51.337Z",
    "return_date": null,
    "is_returned": false,
    "due_date": "2025-08-05T06:51:51.337Z",
    "fine": "0.00"
  }
},
{
  "model": "library_app.borrowrecord",
  "pk": 24,
  "fields": {
    "user": 5,
    "book": 3,
    "borrow_date": "2025-07-24T06:55:47.112Z",
    "return_date": null,
    "is_returned": false,
    "due_date": "2025-08-05T06:55:47.112Z",
    "fine": "0.00"
  }
},
{
  "model": "library_app.borrowrecord",
  "pk": 25,
  "fields": {
    "user": 2,
    "book": 16,
    "borrow_date": "2025-07-24T08:05:19.966Z",
    "return_date": "2025-07-24T08:11:20.297Z",
    "is_returned": true,
    "due_date": "2025-08-05T08:05:19.966Z",
    "fine": "0.00"
  }
},
{
  "model": "library_app.borrowrecord",
  "pk": 26,
  "fields": {
    "user": 2,
    "book": 4,
    "borrow_date": "2025-07-24T08:05:38.554Z",
    "return_date": "2025-07-24T08:11:19.064Z",
    "is_returned": true,
    "due_date": "2025-08-05T08:05:38.554Z",
    "fine": "0.00"
  }
},
{
  "model": "library_app.borrowrecord",
  "pk": 27,
  "fields": {
    "user": 2,
    "book": 6,
    "borrow_date": "2025-07-24T08:09:17.755Z",
    "return_date": "2025-07-24T08:11:17.764Z",
    "is_returned": true,
    "due_date": "2025-08-05T08:09:17.755Z",
    "fine": "0.00"
  }
},
{
  "model": "library_app.borrowrecord",
  "pk": 28,
  "fields": {
    "user": 7,
    "book": 15,
    "borrow_date": "2025-07-24T11:30:52.603Z",
    "return_date": null,
    "is_returned": false,
    "due_date": "2025-08-05T11:30:52.603Z",
    "fine": "0.00"
  }
},
{
  "model": "library_app.borrowrecord",
  "pk": 29,
  "fields": {
    "user": 7,
    "book": 16,
    "borrow_date": "2025-07-24T11:30:57.360Z",
    "return_date": null,
    "is_returned": false,
    "due_date": "2025-08-05T11:30:57.360Z",
    "fine": "0.00"
  }
},
{
  "model": "library_app.borrowrecord",
  "pk": 30,
  "fields": {
    "user": 7,
    "book": 19,
    "borrow_date": "2025-07-24T11:32:10.343Z",
    "return_date": null,
    "is_returned": false,
    "due_date": "2025-08-05T11:32:10.343Z",
    "fine": "0.00"
  }
},
{
  "model": "library_app.borrowrecord",
  "pk": 31,
  "fields": {
    "user": 7,
    "book": 11,
    "borrow_date": "2025-07-24T11:32:43.995Z",
    "return_date": null,
    "is_returned": false,
    "due_date": "2025-08-05T11:32:43.995Z",
    "fine": "0.00"
  }
},
{
  "model": "library_app.borrowrecord",
  "pk": 32,
  "fields": {
    "user": 7,
    "book": 7,
    "borrow_date": "2025-07-24T11:34:35.916Z",
    "return_date": null,
    "is_returned": false,
    "due_date": "2025-08-05T11:34:35.916Z",
    "fine": "0.00"
  }
},
{
  "model": "library_app.borrowrecord",
  "pk": 33,
  "fields": {
    "user": 7,
    "book": 83,
    "borrow_date": "2025-07-24T19:47:28.929Z",
    "return_date": null,
    "is_returned": false,
    "due_date": "2025-08-05T19:47:28.929Z",
    "fine": "0.00"
  }
},
{
  "model": "library_app.review",
  "pk": 1,
  "fields": {
    "user": 7,
    "book": 3,
    "content": "Loved it.",
    "rating": 5,
    "created_at": "2025-07-23T17:43:44.482Z"
  }
},
{
  "model": "library_app.review",
  "pk": 2,
  "fields": {
    "user": 7,
    "book": 1,
    "content": "Movie was much better.",
    "rating": 3,
    "created_at": "2025-07-23T17:44:17.948Z"
  }
},
{
  "model": "library_app.review",
  "pk": 3,
  "fields": {
    "user": 7,
    "book": 4,
    "content": "who even reads such books?",
    "rating": 1,
    "created_at": "2025-07-23T17:49:17.011Z"
  }
},
{
  "model": "library_app.review",
  "pk": 4,
  "fields": {
    "user": 6,
    "book": 2,
    "content": "Would love to reread anytime anyday",
    "rating": 5,
    "created_at": "2025-07-23T17:54:57.923Z"
  }
},
{
  "model": "library_app.review",
  "pk": 5,
  "fields": {
    "user": 6,
    "book": 3,
    "content": "Too Good",
    "rating": 5,
    "created_at": "2025-07-23T17:57:08.244Z"
  }
},
{
  "model": "library_app.review",
  "pk": 6,
  "fields": {
    "user": 6,
    "book": 1,
    "content": "Okkk",
    "rating": 4,
    "created_at": "2025-07-23T17:59:28.982Z"
  }
},
{
  "model": "library_app.review",
  "pk": 7,
  "fields": {
    "user": 3,
    "book": 1,
    "content": "Remained hooked until didnt finish",
    "rating": 5,
    "created_at": "2025-07-23T18:00:54.567Z"
  }
},
{
  "model": "library_app.review",
  "pk": 8,
  "fields": {
    "user": 3,
    "book": 4,
    "content": "noooooooo",
    "rating": 4,
    "created_at": "2025-07-23T18:13:13.964Z"
  }
},
{
  "model": "library_app.review",
  "pk": 9,
  "fields": {
    "user": 3,
    "book": 2,
    "content": "My Personal Favourite",
    "rating": 5,
    "created_at": "2025-07-23T18:17:20.628Z"
  }
},
{
  "model": "library_app.review",
  "pk": 10,
  "fields": {
    "user": 1,
    "book": 3,
    "content": "meh",
    "rating": 4,
    "created_at": "2025-07-23T18:18:18.259Z"
  }
},
{
  "model": "library_app.review",
  "pk": 11,
  "fields": {
    "user": 1,
    "book": 1,
    "content": "Exciting",
    "rating": 4,
    "created_at": "2025-07-23T18:18:59.796Z"
  }
},
{
  "model": "library_app.review",
  "pk": 12,
  "fields": {
    "user": 1,
    "book": 2,
    "content": "Good",
    "rating": 5,
    "created_at": "2025-07-23T18:20:09.129Z"
  }
},
{
  "model": "library_app.review",
  "pk": 13,
  "fields": {
    "user": 1,
    "book": 4,
    "content": "oki",
    "rating": 3,
    "created_at": "2025-07-23T18:27:01.979Z"
  }
},
{
  "model": "library_app.review",
  "pk": 14,
  "fields": {
    "user": 5,
    "book": 3,
    "content": "Meowwww",
    "rating": 5,
    "created_at": "2025-07-23T18:29:45.933Z"
  }
},
{
  "model": "library_app.review",
  "pk": 15,
  "fields": {
    "user": 3,
    "book": 3,
    "content": "hjghj",
    "rating": 4,
    "created_at": "2025-07-23T18:56:40.170Z"
  }
},
{
  "model": "library_app.review",
  "pk": 18,
  "fields": {
    "user": 5,
    "book": 4,
    "content": "How to give zero rating",
    "rating": 1,
    "created_at": "2025-07-24T05:07:43.118Z"
  }
},
{
  "model": "library_app.notification",
  "pk": 1,
  "fields": {
    "user": 7,
    "message": "Reminder: Please return 'The Great Gatsby' by Aug 04, 2025.",
    "created_at": "2025-07-23T17:43:09.034Z",
    "is_read": true
  }
},
{
  "model": "library_app.notification",
  "pk": 2,
  "fields": {
    "user": 7,
    "message": "Reminder: Please return 'Atomic Habits' by Aug 04, 2025.",
    "created_at": "2025-07-23T17:43:10.177Z",
    "is_read": true
  }
},
{
  "model": "library_app.notification",
  "pk": 3,
  "fields": {
    "user": 7,
    "message": "Reminder: Please return 'How To Kill a Mockingbird' by Aug 04, 2025.",
    "created_at": "2025-07-23T17:43:11.097Z",
    "is_read": true
  }
},
{
  "model": "library_app.notification",
  "pk": 4,
  "fields": {
    "user": 7,
    "message": "Reminder: Please return 'The Pragmatic Programmer' by Aug 04, 2025.",
    "created_at": "2025-07-23T17:43:12.113Z",
    "is_read": true
  }
},
{
  "model": "library_app.notification",
  "pk": 5,
  "fields": {
    "user": 7,
    "message": "Reminder: Please return 'The Great Gatsby' by Aug 04, 2025.",
    "created_at": "2025-07-24T11:45:23.439Z",
    "is_read": true
  }
},
{
  "model": "library_app.notification",
  "pk": 6,
  "fields": {
    "user": 5,
    "message": "Reminder: Please return 'How To Kill a Mockingbird' by Aug 05, 2025.",
    "created_at": "2025-07-24T11:45:27.723Z",
    "is_read": false
  }
},
{
  "model": "authtoken.token",
  "pk": "2cfac6b4ca3007ee38d6b626d0fc0c9e4122da30",
  "fields": {
    "user": 3,
    "created": "2025-07-23T16:43:16.748Z"
  }
},
{
  "model": "authtoken.token",
  "pk": "3178b7944be4f7261ec3849e9caee1c1ed19dc4d",
  "fields": {
    "user": 7,
    "created": "2025-07-23T16:45:03.546Z"
  }
},
{
  "model": "authtoken.token",
  "pk": "33f3d02b6168a33fea7f696c71947ddc9a10c3a2",
  "fields": {
    "user": 2,
    "created": "2025-07-23T16:32:13.502Z"
  }
},
{
  "model": "authtoken.token",
  "pk": "52dacbdaad41f6cd3b9ba6d37eb37b56c30c1484",
  "fields": {
    "user": 5,
    "created": "2025-07-23T16:43:58.320Z"
  }
},
{
  "model": "authtoken.token",
  "pk": "8f91c72b008b0d87cee5dd7ceee9f47ba550fdf0",
  "fields": {
    "user": 6,
    "created": "2025-07-23T16:44:24.264Z"
  }
},
{
  "model": "authtoken.token",
  "pk": "d5d7293d41fbb0bdb43d4eaabbfb64138ba1d158",
  "fields": {
    "user": 1,
    "created": "2025-07-23T13:38:47.826Z"
  }
},
{
  "model": "authtoken.token",
  "pk": "dfa840a8ac3d66f89fea77c536741cedc23e9077",
  "fields": {
    "user": 4,
    "created": "2025-07-23T16:43:39.535Z"
  }
}
]
